kelurahan,kecamatan
001 - DAYU,
001 - JANAH JARI,
001 - MUARA PLANTAU,
001 - PULAU PADANG,
001 - TANIRAN,
001 - TELANG BARU,
002 - BANGKIRAYEN,
002 - JURU BANU,
002 - KAMBITIN,
002 - KANDRIS,
002 - KETAP,
002 - WURAN,
003 - BANYU LANDAS,
003 - IPUMEA,
003 - KUPANG BERSIH,
003 - PULAU PATAI,
003 - RAMANIA,
003 - TANGKAN,
004 - AMPARI,
004 - BAGOK,
004 - BENTOT,
004 - SIMPANG NANENG,
004 - TAMPA,
004 - TUYAU,
005 - AMPARI BURA,
005 - BAMBAN,
005 - KALAMUS,
005 - LAGAN,
005 - MAGANTIS,
005 - PINANG TUNGGAL,
005 - WUNGKUR NANAKAN,
006 - HAYAPING,
006 - JAAR,
006 - KOTAM,
006 - NAGALEAH,
006 - PUTUT TAWULUH,
006 - SIMPANG BINGKUANG,
006 - TEWAH PUPUH,
007 - BIWAN,
007 - GUDANG SENG,
007 - KANDRIS,
007 - LAMPEONG,
007 - MATABU,
007 - PATUNG,
008 - APAR BATU,
008 - BARARAWA,
008 - BETANG NALONG,
008 - SAING,
008 - TAMIANG LAYANG,
009 - BAMBULUNG,
009 - LALAP,
009 - PIANGGU,
009 - RODOK,
009 - SARAPAT,
010 - AMPAH II,
010 - DANAU,
010 - LEBO,
010 - MURUTUWU,
011 - JANAH MANSIWUI,
011 - PUTAI,
011 - TUMPUNG ULUNG,
012 - AMPAH,
012 - MAWANI,
012 - MURUDUYUNG,
012 - TAMPU LANGIT,
013 - JANGO,
013 - PURI,
013 - SUMBEREJO,
013 - TELANG,
014 - LENGGANG,
014 - MAIPE,
015 - BALAWA,
016 - JAWETEN,
016 - SIONG,
017 - BATUAH,
017 - HARINGEN,
018 - DORONG,
018 - UNSUM,
019 - BARUYAN,
019 - DIDI,
020 - KARANG LANGIT,
020 - NETAMPIN,
020 - TURAN AMIS,
021 - HARARA,
021 - RUNGGU RAYA,
021 - TANGKUM,
022 - MANGKARAP,
022 - PAKU BETO,
022 - SIBUNG,
022 - SUMBER GARUNGGUNG,
023 - KUPANG BARU,
023 - MALINTUT,
023 - MATARAH,
023 - MUARA AWANG,
024 - GUMPA,
024 - LUAU JAWUK,
025 - MARAGUT,
025 - TARINSING,
026 - BANTAI NAPU,
026 - SUMUR,
027 - PANGKAN,
028 - GANDRUNG,
